Feature,Detected_Mean,Missed_Mean,Detected_Median,Missed_Median,Detected_Std,Missed_Std,Relative_Difference
URG Flag Count,0.0,8.220754665278273e-05,0.0,0.0,0.0,0.009066589278343279,82207.54665278272
Min Packet Length,0.001606122159761916,5.988162113281999,0.0,6.0,0.09815449574418487,0.2662501216647026,3727.333084475076
Fwd Packet Length Min,0.001606122159761916,5.988162113281999,0.0,6.0,0.09815449574418487,0.2662501216647026,3727.333084475076
Flow IAT Min,18.647629395184783,5372.720795769052,4.0,3.0,158.14594902733046,247204.4825203297,287.1181667450601
Bwd Packet Length Min,0.012376588407577117,1.5551749650617928,0.0,0.0,0.27222695939920033,46.06326999436678,124.65456563580379
Fwd IAT Min,346.56565417985416,5370.146247225495,49.0,3.0,3554.2900930853802,247204.0032513422,14.495321542809611
Fwd Packets/s,18.70395318464347,272.19722490454853,2.880427686,0.743604168,48.630637455395714,11444.726569071518,13.552924839144595
Flow Packets/s,50.52702983816702,423.7332145305575,7.871172519,0.743786823,133.52876874732186,17964.10754492483,7.386268020905761
Bwd Packets/s,31.823076653598736,151.5359896189091,4.937588877,0.0,85.56994213907525,7068.524227982879,3.7618271251598396
ACK Flag Count,0.28792101658084934,0.9990135094401666,0.0,1.0,0.4527976735670328,0.03139338150955661,2.4697484707230157
Init_Win_bytes_backward,228.9384319838758,-0.06713616309977256,229.0,-1.0,3.7625890035270873,14.617642671315412,1.000293249855508
Packet Length Variance,6695477.029467412,1672.857569358769,5696664.423,0.0,4028828.4119867333,41338.646939418424,0.9997501511002134
Bwd Packet Length Std,3308.7282422336125,0.9850234779356313,3173.373883,0.0,1227.806976235485,33.23439644956312,0.9997022954419882
Bwd Packet Length Max,7245.4374320941,4.118132244540049,7215.0,0.0,2372.113685707954,97.89860855523274,0.9994316240690592
Packet Length Std,2481.8075161459524,1.7797495956998053,2386.768615,0.0,732.9079337802782,40.86240100503039,0.999282881696054
Idle Std,7039145.291070276,5713.424492368399,0.0,0.0,17153952.3676539,557275.2497797982,0.9991883354787949
Bwd IAT Mean,176071.3368976436,158.57873369342067,143173.4,0.0,160014.2496186383,11887.613553850435,0.999099349522253
Bwd IAT Std,344287.93956633465,348.1574068308717,289472.5794,0.0,305723.24035234656,24973.591805268235,0.9989887609561043
Total Length of Bwd Packets,11601.017761821531,11.732469240676295,11607.0,0.0,190.19019656046427,346.41493005913054,0.9989886689700376
Subflow Bwd Bytes,11601.017761821531,11.732469240676295,11607.0,0.0,190.19019656046427,346.41493005913054,0.9989886689700376
Bwd IAT Max,691732.8229171587,802.3554928342422,590156.0,0.0,605940.4436797816,53457.09974735377,0.9988400789058244
Bwd IAT Total,698663.4694600595,815.3577946455484,596063.0,0.0,605488.3118718939,53666.426613727075,0.9988329749152668
Avg Bwd Segment Size,2329.380496123955,2.8450245839476063,2321.4,0.0,398.1007522458646,63.348904062633885,0.9987786346671655
Bwd Packet Length Mean,2329.380496123955,2.8450245839476063,2321.4,0.0,398.1007522458646,63.348904062633885,0.9987786346671655
PSH Flag Count,0.7141417481537469,0.0009864905598333928,1.0,0.0,0.45182576979320516,0.03139338150955661,0.9986186334001586
Max Packet Length,7245.439038216259,10.099060093716604,7215.0,6.0,2372.1087818807046,97.64786157156287,0.9986061493249135
Fwd Packet Length Std,8.995289935223187,0.013512310584632668,10.26320288,0.0,2.201249345915868,0.33230244122132074,0.9984978459081992
Bwd Header Length,114.36912466342292,0.23467514317814375,112.0,0.0,16.986291728712054,5.3400178759157555,0.9979480900560644
Total Backward Packets,5.11984505645047,0.01096100622037103,5.0,0.0,0.8461916820243686,0.2480669317066977,0.9978591134892998
Subflow Bwd Packets,5.11984505645047,0.01096100622037103,5.0,0.0,0.8461916820243686,0.2480669317066977,0.9978591134892998
Down/Up Ratio,0.9805848174217016,0.002849861617296468,1.0,0.0,0.7523157446325963,0.07864487452006592,0.9970937112590796
Active Max,314985.0878643299,1497.6066094867508,0.0,711.0,963675.4564938965,34151.97870420603,0.9952454682231409
Active Mean,314985.0878643299,1497.6066094867508,0.0,711.0,963675.4564938965,34151.97870420603,0.9952454682231409
Active Min,314985.0878643299,1497.6066094867508,0.0,711.0,963675.4564938965,34151.97870420603,0.9952454682231409
Packet Length Mean,1155.3436415938006,7.206339686302167,1163.3,6.0,236.67723101481522,29.874454908950625,0.9937626006429093
Average Packet Size,1289.254940474609,8.783781985754036,1292.555556,7.2,289.50076111174144,34.46113507747024,0.9931869316835709
Bwd IAT Min,120.80643078715732,2.3660428027292904,16.0,0.0,845.0653135746738,176.9088256981367,0.9804145955782907
Init_Win_bytes_forward,5966.694789550758,263.79700216479876,8192.0,256.0,3736.72275097618,249.15342435211014,0.9557884203114038
Idle Max,20893740.978758246,5219179.63365577,0.0,6043704.0,34926373.782109275,5200468.648014548,0.7502036787494455
Flow Duration,23142988.773316327,6239021.15849615,1034491.0,6044881.0,37397707.87694811,4363070.18027597,0.7304141993237413
Fwd IAT Total,22452273.712960776,6238150.878689064,10942.0,6044861.0,37394141.84395815,4362938.307630991,0.7221595033785805
Flow IAT Max,21388259.705607254,6235477.0496259555,1028869.0,6043704.0,34634458.98497668,4337309.03249867,0.7084626269059547
Fwd IAT Max,20899783.664005544,6234787.001342723,10559.0,6043026.0,34922765.67323125,4337984.094025701,0.7016817445780299
Fwd Packet Length Max,19.996252381627222,6.01803085523251,20.0,6.0,0.22902715673643137,0.5021093208318621,0.699042063428796
Idle Mean,15916295.972695922,5215135.022360452,0.0,6043704.0,28373931.969747428,5153527.16929748,0.6723399067655621
FIN Flag Count,0.000267687026626986,0.0001096100622037103,0.0,0.0,0.016359082624030807,0.010469052067044246,0.5905268398259385
Fwd IAT Std,7752733.588932584,3341479.2588050603,6873.077913,3256196.168,12956261.656587822,2313284.4182606856,0.5689934111014482
Idle Min,10938876.032185428,5211101.492724632,0.0,6043674.0,26164178.941258553,5136543.789931735,0.5236163681358101
Flow Bytes/s,72804.78421710044,37674.42706630799,11225.08057,4.462321828,189048.83590882304,2020427.9645337726,0.4825281405413537
Flow IAT Std,6140742.019886622,3341004.476689227,383682.238,3256196.168,9851767.407838726,2306475.7950973655,0.45592821423380475
Fwd IAT Mean,3144483.8946568496,1809819.8792026995,5505.0,1731296.667,5239528.908664751,1296544.1949896163,0.42444612857519454
Fwd Packet Length Mean,8.203513678191632,6.001444417042173,8.666666667,6.0,0.7958650881530449,0.09423132344562973,0.2684300102692642
Avg Fwd Segment Size,8.203513678191632,6.001444417042173,8.666666667,6.0,0.7958650881530449,0.09423132344562973,0.2684300102692642
Subflow Fwd Bytes,34.68216102161966,27.126627024360836,26.0,30.0,14.056852981396009,3.473754402867623,0.2178507271311934
Total Length of Fwd Packets,34.68216102161966,27.126627024360836,26.0,30.0,14.056852981396009,3.473754402867623,0.2178507271311934
act_data_pkt_fwd,3.161808934448171,3.5191954621434247,2.0,4.0,1.8947075559742041,0.5747291461535227,0.11303229733095681
Fwd Header Length.1,101.01903727148188,90.42512262625709,72.0,100.0,46.840823369972135,11.499196517184915,0.10487047720173258
Fwd Header Length,101.01903727148188,90.42512262625709,72.0,100.0,46.840823369972135,11.499196517184915,0.10487047720173258
Flow IAT Mean,1925951.145549333,1809366.2171778001,145195.2857,1731296.667,3057033.555657896,1293380.8332356059,0.060533689362239566
Total Fwd Packets,4.449714204733336,4.520072342641054,3.0,5.0,2.341764793620684,0.5751281736439489,0.01581183299751325
Subflow Fwd Packets,4.449714204733336,4.520072342641054,3.0,5.0,2.341764793620684,0.5751281736439489,0.01581183299751325
RST Flag Count,0.0,0.0,0.0,0.0,0.0,0.0,0.0
SYN Flag Count,0.0,0.0,0.0,0.0,0.0,0.0,0.0
Bwd PSH Flags,0.0,0.0,0.0,0.0,0.0,0.0,0.0
Fwd PSH Flags,0.0,0.0,0.0,0.0,0.0,0.0,0.0
Bwd URG Flags,0.0,0.0,0.0,0.0,0.0,0.0,0.0
Fwd URG Flags,0.0,0.0,0.0,0.0,0.0,0.0,0.0
CWE Flag Count,0.0,0.0,0.0,0.0,0.0,0.0,0.0
ECE Flag Count,0.0,0.0,0.0,0.0,0.0,0.0,0.0
Bwd Avg Bulk Rate,0.0,0.0,0.0,0.0,0.0,0.0,0.0
Bwd Avg Packets/Bulk,0.0,0.0,0.0,0.0,0.0,0.0,0.0
Bwd Avg Bytes/Bulk,0.0,0.0,0.0,0.0,0.0,0.0,0.0
Fwd Avg Bulk Rate,0.0,0.0,0.0,0.0,0.0,0.0,0.0
Fwd Avg Packets/Bulk,0.0,0.0,0.0,0.0,0.0,0.0,0.0
Fwd Avg Bytes/Bulk,0.0,0.0,0.0,0.0,0.0,0.0,0.0
min_seg_size_forward,20.0,20.0,20.0,20.0,0.0,0.0,0.0
Active Std,0.0,0.0,0.0,0.0,0.0,0.0,0.0
